well,primernum,primername,primerseq
A1,oPB365,gigyf1_1_fwd,CACCGGGTTTGAGAAGTCAGCAAGG
A2,oPB366,gigyf1_2_fwd,CACCGAGGAGGAGGAACCTTCCGAA
A3,oPB367,gigyf1_3_fwd,CACCGAGGTATGTACGTCCCAGAGG
A4,oPB368,gigyf1_4_fwd,CACCGTGCCTTCCAGATGATATTCG
A5,oPB369,gigyf2_1_fwd,CACCGGGCGACTAGCTGGATCAAGG
A6,oPB370,gigyf2_2_fwd,CACCGTGAGGGTAGCCATAATGAAG
A7,oPB371,gigyf2_3_fwd,CACCGGACACAGACCTAGTTACTGA
A8,oPB372,gigyf2_4_fwd,CACCGAGGAAGAAGAACTTGCCCGA
A9,oPB373,znf598_1_fwd,CACCGCACGGTGCGACGTGTCATCG
A10,oPB374,znf598_2_fwd,CACCGGGTTCTGGCGTGCCTCGGCG
A11,oPB375,znf598_3_fwd,CACCGGCTTACAGGACCATTTGTCG
A12,oPB376,znf598_4_fwd,CACCGGGGCCCAGGACTACTACAGG
B1,oPB377,gigyf1_1_rev,AAACCCTTGCTGACTTCTCAAACCC
B2,oPB378,gigyf1_2_rev,AAACTTCGGAAGGTTCCTCCTCCTC
B3,oPB379,gigyf1_3_rev,AAACCCTCTGGGACGTACATACCTC
B4,oPB380,gigyf1_4_rev,AAACCGAATATCATCTGGAAGGCAC
B5,oPB381,gigyf2_1_rev,AAACCCTTGATCCAGCTAGTCGCCC
B6,oPB382,gigyf2_2_rev,AAACCTTCATTATGGCTACCCTCAC
B7,oPB383,gigyf2_3_rev,AAACTCAGTAACTAGGTCTGTGTCC
B8,oPB384,gigyf2_4_rev,AAACTCGGGCAAGTTCTTCTTCCTC
B9,oPB385,znf598_1_rev,AAACCGATGACACGTCGCACCGTGC
B10,oPB386,znf598_2_rev,AAACCGCCGAGGCACGCCAGAACCC
B11,oPB387,znf598_3_rev,AAACCGACAAATGGTCCTGTAAGCC
B12,oPB388,znf598_4_rev,AAACCCTGTAGTAGTCCTGGGCCCC
C1,oPB389,CGCCAT_RH_frame0,GTCAAGTACATTATCTTTTTTATG
C2,oPB390,GCCATC_AI_frame1,TACACGTACCCCCATTTCTGGCCT
C3,oPB391,CCATCG_PS_frame2,GGGATTATTTTTTGCTAGCCTCCC
C4,oPB392,GTCAAA_VK_frame0,GAGTATATTACTGATCCTTTCTAT
C5,oPB393,TCAAAG_SK_frame1,GCTCCGGGGGTGCCGAACGTCTAT
C6,oPB394,CAAAGT_QS_frame2,GGTTGGAAGCCTTAGGCGTCGGGC
C7,oPB395,AGTTTC_SF_frame0,GATTACCTTCATATTTTTATGAAT
C8,oPB396,GTTTCA_VS_frame1,CGGGGTAACTAGTAGCCTGCCAAT
C9,oPB397,TTTCAG_FQ_frame2,CAGATTGGCATGGCGGGCTCCTTC
D1,oPB362,eyfp_r,GCAAGGGCGAGGAGCTGTTCACCatcagatcggaagagcgtcg
D2,oPB363,eyfp_r1illumina_f,GGTGAACAGCTCCTCGCCCTTGC
D3,oPB364,nanoluc_p2a_r,gtgtgaagaccatagtggcagatctggtaccaggcccgggattctc
